{
    "<@989537889417322496>": [
        1750176120.2920496,
        "bb"
    ],
    "<@495953464128569366>": [
        1750358900.5240905,
        "bb"
    ],
    "<@558600060443820043>": [
        1750262307.458925,
        "bb"
    ],
    "<@687256176961781790>": [
        1750264541.9608052,
        "bb"
    ],
    "<@582580033521188879>": [
        1750177662.3109276,
        "bb"
    ],
    "<@802463814594330644>": [
        1750264674.254882,
        "bb"
    ],
    "<@414423820053643276>": [
        "None",
        "bb"
    ],
    "<@724317992367685906>": [
        "None",
        "bb"
    ],
    "<@663332501204369429>": [
        1750260508.439487,
        "bb"
    ],
    "<@697845026243215551>": [
        "None",
        "bb"
    ],
    "<@1188065130924224522>": [
        "None",
        "bb"
    ],
    "<@1018923856129429546>": [
        "None",
        "bb"
    ],
    "<@690667378618400821>": [
        1726339897.684918,
        "bb"
    ],
    "<@1168447199349321748>": [
        "None",
        "bb"
    ],
    "<@930441902409547867>": [
        "None",
        "bb"
    ],
    "<@805357719514644500>": [
        1728200398.1513968,
        "bb"
    ],
    "<@828204319269584926>": [
        "None",
        "bb"
    ],
    "<@714191857789435955>": [
        1728319312.1565957,
        "bb"
    ]
}