{
    "<@989537889417322496>": 1725697404.030691,
    "<@495953464128569366>": [
        1725706042.4524732,
        "bb"
    ],
    "<@558600060443820043>": [
        1725706115.9279058,
        "bb"
    ],
    "<@687256176961781790>": 1725696856.2114408,
    "<@582580033521188879>": "None",
    "<@802463814594330644>": 1725703418.8679378,
    "<@414423820053643276>": 1725697872.1797802
}