{
    "<@989537889417322496>": [
        78624.309009552,
        0
    ],
    "<@802463814594330644>": [
        19346.967371463776,
        2
    ],
    "<@582580033521188879>": [
        21599.03814816475,
        0
    ],
    "<@558600060443820043>": [
        1603.7203047275543,
        3
    ],
    "<@414423820053643276>": [
        6023.626942873001,
        1
    ],
    "<@355782241978417156>": [
        0,
        0
    ],
    "<@495953464128569366>": [
        53061.65501141548,
        2
    ],
    "<@548836666102513664>": [
        0,
        0
    ],
    "<@558698032724443137>": [
        0,
        0
    ],
    "<@628598203876638731>": [
        5220.254102230072,
        0
    ],
    "<@663332501204369429>": [
        17559.960483789444,
        0
    ],
    "<@682187662060552192>": [
        0,
        0
    ],
    "<@687256176961781790>": [
        5420.455703020096,
        1
    ],
    "<@697845026243215551>": [
        36900.189398765564,
        0
    ],
    "<@724317992367685906>": [
        70491.58277463913,
        0
    ],
    "<@828204319269584926>": [
        4816.1684601306915,
        0
    ],
    "<@917141329417486356>": [
        0,
        0
    ],
    "<@922777372846067732>": [
        0,
        0
    ],
    "<@930441902409547867>": [
        7242.716064691544,
        1
    ],
    "<@1018923856129429546>": [
        41334.889956235886,
        0
    ],
    "<@1168447199349321748>": [
        145.98557233810425,
        0
    ],
    "<@1188065130924224522>": [
        3437.4398086071014,
        1
    ],
    "<@690667378618400821>": 0,
    "<@805357719514644500>": 0,
    "<@714191857789435955>": 0
}