{
    "<@989537889417322496>": 22987.7813205719,
    "<@802463814594330644>": 75379.80369448662,
    "<@582580033521188879>": 3721.741169691086,
    "<@558600060443820043>": 11145.714655399323,
    "<@414423820053643276>": 34775.83188343048,
    "<@355782241978417156>": 0,
    "<@495953464128569366>": 18234.80402636528,
    "<@548836666102513664>": 0,
    "<@558698032724443137>": 0,
    "<@628598203876638731>": 0,
    "<@663332501204369429>": 10970.1675760746,
    "<@682187662060552192>": 0,
    "<@687256176961781790>": 12251.057554006577,
    "<@697845026243215551>": 727.5374798774719,
    "<@724317992367685906>": 0,
    "<@828204319269584926>": 0,
    "<@917141329417486356>": 0,
    "<@922777372846067732>": 0,
    "<@930441902409547867>": 48410.16693902016,
    "<@1018923856129429546>": 2313.5783903598785,
    "<@1168447199349321748>": 0,
    "<@1188065130924224522>": 3567.713624238968
}