{
    "<@989537889417322496>": [
        82553.51022195816,
        1
    ],
    "<@802463814594330644>": [
        65054.41770339012,
        3
    ],
    "<@582580033521188879>": [
        25297.064001083374,
        0
    ],
    "<@558600060443820043>": [
        30815.128468990326,
        9
    ],
    "<@414423820053643276>": [
        6023.626942873001,
        1
    ],
    "<@355782241978417156>": [
        0.0,
        0
    ],
    "<@495953464128569366>": [
        2.195042133331299,
        7
    ],
    "<@548836666102513664>": [
        0.0,
        0
    ],
    "<@558698032724443137>": [
        0.0,
        0
    ],
    "<@628598203876638731>": [
        5220.254102230072,
        0
    ],
    "<@663332501204369429>": [
        17559.960483789444,
        0
    ],
    "<@687256176961781790>": [
        5420.455703020096,
        1
    ],
    "<@1188065130924224522>": [
        3437.4398086071014,
        1
    ],
    "<@1168447199349321748>": [
        0.0,
        0
    ],
    "<@1018923856129429546>": [
        41334.889956235886,
        0
    ],
    "<@930441902409547867>": [
        7242.0,
        1
    ],
    "<@922777372846067732>": [
        0.0,
        0
    ],
    "<@917141329417486356>": [
        0.0,
        0
    ],
    "<@828204319269584926>": [
        4816.0,
        0
    ],
    "<@724317992367685906>": [
        70491.58277463913,
        0
    ],
    "<@697845026243215551>": [
        36900.0,
        0
    ],
    "<@682187662060552192>": [
        0.0,
        0
    ]
}