{
    "<@989537889417322496>": 11975.94246339798,
    "<@687256176961781790>": 2722.8143796920776,
    "<@558600060443820043>": 20656.921828508377,
    "<@495953464128569366>": -270385.9314725399,
    "<@548836666102513664>": 4635.163740634918,
    "<@582580033521188879>": -4074.4044647216797,
    "<@628598203876638731>": 0,
    "<@663332501204369429>": -71903.2450041771,
    "<@682187662060552192>": 5927.054376125336,
    "<@697845026243215551>": 35957.19752430916,
    "<@724317992367685906>": 58768.91811752319,
    "<@802463814594330644>": -242862.27967309952,
    "<@828204319269584926>": 0,
    "<@917141329417486356>": 0,
    "<@922777372846067732>": 0,
    "<@930441902409547867>": 25390.095296144485,
    "<@1168447199349321748>": 0,
    "<@414423820053643276>": -9842.816936254501
}