{
    "<@989537889417322496>": [
        48182.37386965752,
        0
    ],
    "<@802463814594330644>": [
        20876.034910440445,
        1
    ],
    "<@582580033521188879>": [
        13875.783435821533,
        0
    ],
    "<@558600060443820043>": [
        74732.02515053749,
        1
    ],
    "<@414423820053643276>": [
        50716.38604211807,
        0
    ],
    "<@355782241978417156>": [
        0,
        0
    ],
    "<@495953464128569366>": [
        63849.94080901146,
        1
    ],
    "<@548836666102513664>": [
        0,
        0
    ],
    "<@558698032724443137>": [
        0,
        0
    ],
    "<@628598203876638731>": [
        5220.254102230072,
        0
    ],
    "<@663332501204369429>": [
        12946.332567691803,
        0
    ],
    "<@682187662060552192>": [
        0,
        0
    ],
    "<@687256176961781790>": [
        49266.26129698753,
        0
    ],
    "<@697845026243215551>": [
        15869.07526397705,
        0
    ],
    "<@724317992367685906>": [
        5659.1519684791565,
        0
    ],
    "<@828204319269584926>": [
        0,
        0
    ],
    "<@917141329417486356>": [
        0,
        0
    ],
    "<@922777372846067732>": [
        0,
        0
    ],
    "<@930441902409547867>": [
        782.9184491634369,
        1
    ],
    "<@1018923856129429546>": [
        6022.8503358364105,
        0
    ],
    "<@1168447199349321748>": [
        0,
        0
    ],
    "<@1188065130924224522>": [
        21845.911772727966,
        0
    ]
}